{
  "UWATReasonPermVals": [
    "Other",
    "There isn't currently an approved rater for this coverage",
    "This risk doesn't fit in the current rater",
    "The current rater isn't properly calibrated"
  ],
  "BPCPermVals": [
    "WF",
    "MH",
    "WK",
    "CY",
    "CM",
    "CA",
    "EN",
    "PFI",
    "FI",
    "NR",
    "TA",
    "TP",
    "AH",
    "EOI",
    "EON",
    "ME",
    "PFN",
    "PL",
    "TO"
  ],
  "YOAVals": [
    2016,
    2017,
    2018,
    2019,
    2020,
    2021,
    2022,
    2023,
    2024
  ],
  "NewRenewalPermVals": [
    "New",
    "Renewal"
  ],
  "UWEstPermVals": [
    "Manually Entered U/W Gross Net Loss Ratio",
    "Most likely to out perform Technical - 150% Technical Adequacy",
    "Likely to out perform Technical - 125% Technical Adequacy",
    "As Technical - 100% Technical Adequacy",
    "Less adequate than Technical - 75% Technical Adequacy",
    "Much less adequate than Technical - 50% Technical Adequacy"
  ],
  "TechGGCR": 0.8,
  "GER": 0.162195,
  "BenchGNLR": 0.5097762,
  "UWTechAdq": 1.5
}