{
      "Guid": "",
      "User": "",
      "CreatedDate": "",
      "Source": "PriSync",
      "Context": "ModelOutput",
      "Status": "",
      "result": {
            "state": {
                  "snapshot": {
                        "Output": {
                              "Contracts": [
                                    {
                                          "ContractID": "",
                                          "Sections": [
                                                {
                                                      "SectionReference": "",
                                                      "SectionFinancialTypes": [
                                                            {
                                                                  "Category": "Rate",
                                                                  "FinancialTypeName": "GNRate",
                                                                  "Value": ""
                                                            },
                                                            {
                                                                  "Category": "Deduction",
                                                                  "FinancialTypeName": "GNConditions",
                                                                  "Value": ""
                                                            },
                                                            {
                                                                  "Category": "Deduction",
                                                                  "FinancialTypeName": "GNDeductibles",
                                                                  "Value": ""
                                                            },
                                                            {
                                                                  "Category": "Exposure",
                                                                  "FinancialTypeName": "GNExposure",
                                                                  "Value": ""
                                                            },
                                                            {
                                                                  "Category": "Benchmark",
                                                                  "FinancialTypeName": "GNPlanLossRatio",
                                                                  "Value": ""
                                                            },
                                                            {
                                                                  "Category": "Technical",
                                                                  "FinancialTypeName": "GNTechnicalLossRatio",
                                                                  "Value": ""
                                                            },
                                                            {
                                                                  "Category": "ExpectedLoss",
                                                                  "FinancialTypeName": "GNUnderwriterSelectedLossRatio",
                                                                  "Value": ""
                                                            },
                                                            {
                                                                  "Category": "Benchmark",
                                                                  "FinancialTypeName": "GGBenchmarkAdequacy",
                                                                  "Value": ""
                                                            },
                                                            {
                                                                  "Category": "Technical",
                                                                  "FinancialTypeName": "TechnicalAdequacy",
                                                                  "Value": ""
                                                            }
                                                      ]
                                                }
                                          ]
                                    }
                              ]
                        },
                        "hx_core": [
                              {
                                    "charged_premium": "",
                                    "class_code": "",
                                    "model_premium": "",
                                    "premium_currency": "",
                                    "ulr": ""
                              }
                        ]
                  }
            },
            "validation": {
                  "NaN": ""
            }
      }
}